;;Area;population_total;population_male;population_female;deaths_num_total;deaths_num_male;deaths_num_female;deaths_num_infant;deaths_num_neonatal;deaths_rate_crude;deaths_rate_agestd_total;deaths_rate_agestd_male;deaths_rate_agestd_female;InfMort2010;InfMort2011;InfMort2012
UNITED KINGDOMP;;UNITED KINGDOM                     ;63232,6;31074,4;32158,2;552232;267491;284741;3502;2450;8,7;537,6;637;454,7;4,3;4,3;4,1
ENGLAND AND WALES3     ;;ENGLAND AND WALES2                  ;56170,9;27637,6;28533,3;484367;234660;249707;3154;2203;8,6;526,8;623,6;445,8;4,3;4,4;4,2
ENGLAND                             ;;ENGLAND                            ;53107,2;26133,2;26974;452862;219068;233794;2986;2092;8,5;522,9;618,5;442,9;4,3;4,3;4,1
NORTH EAST                          ;;NORTH EAST                         ;2596,4;1269,6;1326,8;25711;12400;13311;109;71;9,9;596,2;700,4;510,4;3,9;3,6;3,6
County Durham UA 4                  ;;County Durham UA                   ;513;251,2;261,8;5202;2462;2740;23;16;10,1;599,1;684,3;525,2;4,4;3,9;4
Darlington UA                       ;;Darlington UA                      ;105,6;51,5;54,1;985;488;497;6;4;9,3;541,7;654,7;453,5;2,9;4,6;2,9
Hartlepool UA                       ;;Hartlepool UA                      ;92,1;44,8;47,3;922;439;483;4;3;10;619,5;718;538,1;5,3;3,4;2,6
Middlesbrough UA                    ;;Middlesbrough UA                   ;138,4;67,7;70,7;1356;673;683;9;4;9,8;682,2;816,6;570,6;4,2;4,5;2,9
Northumberland UA 5                 ;;Northumberland UA                  ;316,3;154,2;162;3267;1571;1696;14;6;10,3;541,9;630,5;466,8;4;4,7;2,9
Redcar and Cleveland UA             ;;Redcar and Cleveland UA            ;135,2;65,7;69,5;1408;667;741;1;1;10,4;582,7;663,3;514,7;5;;3,1
StocktononTees UA                 ;;StocktononTees UA                ;191,8;94,2;97,7;1662;785;877;12;10;8,7;577,7;658,1;511,1;3,6;4,9;3,7
;;;;;;;;;;;;;;;;;
Tyne and Wear (Met county)          ;;Tyne and Wear (Met county)         ;1104,1;540,5;563,7;10909;5315;5594;40;27;9,9;612,3;736,2;512,9;3,4;3,1;3,9
Gateshead                           ;;Gateshead                          ;200,3;98;102,3;2100;1050;1050;13;9;10,5;630,9;751,8;525,2;2,9;5,5;4,3
Newcastle upon Tyne                 ;;Newcastle upon Tyne                ;279,1;139,9;139,2;2380;1154;1226;9;7;8,5;609,2;729,4;511,3;3,4;2,6;5,8
North Tyneside                      ;;North Tyneside                     ;201,2;97,1;104,1;2014;960;1054;6;6;10;576,2;693,9;490,1;3,8;2,5;2,6
South Tyneside                      ;;South Tyneside                     ;148,2;71,6;76,6;1683;818;865;3;2;11,4;634,2;784,2;519,6;2,9;1,8;3
Sunderland                          ;;Sunderland                         ;275,3;133,9;141,5;2732;1333;1399;9;3;9,9;619,8;740,4;521,7;3,8;2,8;2,9
;;;;;;;;;;;;;;;;;
NORTH WEST                          ;;NORTH WEST                         ;7056;3467,7;3588,2;66372;32009;34363;417;287;9,4;589,7;693;500,8;4,7;4,7;4,5
;;;;;;;;;;;;;;;;;
Blackburn with Darwen UA            ;;Blackburn with Darwen UA           ;147,7;73,6;74;1189;596;593;12;8;8,1;634,8;765,6;519,5;10;5,1;4,3
Blackpool UA                        ;;Blackpool UA                       ;142,1;69,7;72,3;1818;913;905;7;4;12,8;728,6;902,2;577,3;7,3;4;3,4
Cheshire East UA 6                  ;;Cheshire East UA                   ;370,7;181,7;189;3420;1576;1844;15;11;9,2;480,5;545,4;424,5;3,8;3,7;3,6
Cheshire West and Chester UA 7      ;;Cheshire West and Chester UA       ;329,5;160,6;168,9;3155;1503;1652;17;16;9,6;528,4;616,9;452,4;3,1;4,5;3,2
Halton UA                           ;;Halton UA                          ;125,7;61,3;64,4;1109;546;563;6;3;8,8;629,6;736,3;554,1;6;3,8;2,4
Warrington UA                       ;;Warrington UA                      ;202,7;100,5;102,2;1747;856;891;13;12;8,6;576,1;681;488;3,5;5,4;4,8
;;;;;;;;;;;;;;;;;
Cumbria                             ;;Cumbria                            ;499,8;246,1;253,7;5464;2556;2908;17;10;10,9;556,9;633,6;488,6;1,8;3,4;4,4
Allerdale                           ;;Allerdale                          ;96,4;47,4;49;1145;526;619;3;2;11,9;599,5;675,6;535,5;;3,2;4,3
BarrowinFurness                   ;;BarrowinFurness                  ;69,1;34,2;34,9;761;368;393;2;1;11;647,1;756;541,7;;;5,2
Carlisle                            ;;Carlisle                           ;107,5;52,5;55;1062;493;569;5;2;9,9;547,1;618,1;483,4;;3,8;4,1
Copeland                            ;;Copeland                           ;70,6;35,5;35,1;763;365;398;1;;10,8;627,9;702,4;554,3;4;;3,7
Eden                                ;;Eden                               ;52,5;26;26,5;518;252;266;3;2;9,9;468,1;556,1;395,5;;7;
South Lakeland                      ;;South Lakeland                     ;103,7;50,6;53,1;1215;552;663;3;3;11,7;479,1;531,7;435,5;;3,4;6,1
;;;;;;;;;;;;;;;;;
Greater Manchester (Met county)     ;;Greater Manchester (Met county)    ;2685,4;1327,7;1357,7;23137;11232;11905;190;126;8,6;613,9;719,1;523,1;5;5,1;4,2
Bolton                              ;;Bolton                             ;277,3;137;140,3;2498;1207;1291;20;13;9;605,8;704,9;518,3;5,4;5,2;5,8
Bury                                ;;Bury                               ;185,4;90,7;94,7;1693;801;892;14;8;9,1;592,9;685;511,7;3,1;5,5;6
Manchester                          ;;Manchester                         ;502,9;253,1;249,8;3487;1809;1678;47;34;6,9;736,9;902,4;599,1;5,8;5,8;3,8
Oldham                              ;;Oldham                             ;225,2;110,3;114,8;2004;969;1035;22;19;8,9;631,5;751,1;529,7;6,7;6,7;5,5
Rochdale                            ;;Rochdale                           ;211,9;103,8;108,1;1858;935;923;12;8;8,8;624,6;755,1;514,6;3,6;4;6,3
Salford                             ;;Salford                            ;234,5;117,2;117,3;2131;1023;1108;17;10;9,1;661,6;770,4;573,5;6,2;4,8;4,4
Stockport                           ;;Stockport                          ;283,3;138,4;144,8;2523;1198;1325;22;13;8,9;502,7;589,2;426,3;2,9;6,5;3,4
Tameside                            ;;Tameside                           ;219,7;107,8;111,9;2181;1036;1145;14;7;9,9;666,6;770,9;572,3;6,7;4,6;2,3
Trafford                            ;;Trafford                           ;227,1;111,2;115,9;1847;866;981;9;6;8,1;500,6;571,4;441,4;4,5;3,1;1,7
Wigan                               ;;Wigan                              ;318,1;158,1;160,1;2915;1388;1527;13;8;9,2;624;705,2;551,9;3,5;3,3;3,2
;;;;;;;;;;;;;;;;;
Lancashire                          ;;Lancashire                         ;1171,6;575,4;596,1;11676;5661;6015;74;48;10;579,4;683,7;490,2;4,5;5,4;5,4
Burnley                             ;;Burnley                            ;87;42,8;44,3;926;452;474;8;5;10,6;682,4;806,6;584,6;7,2;6,8;5,7
Chorley                             ;;Chorley                            ;107,6;53,9;53,7;967;447;520;4;4;9;562,5;631,1;500,1;6,7;3,1;4,9
Fylde                               ;;Fylde                              ;76,1;37;39,1;965;480;485;4;2;12,7;554,1;687,3;440;4,4;5,8;5,9
Hyndburn                            ;;Hyndburn                           ;80,5;39,9;40,7;791;398;393;5;4;9,8;655,4;779,4;544,5;3,5;4,3;5,4
Lancaster                           ;;Lancaster                          ;137,8;66,6;71,2;1433;694;739;7;5;10,4;592,7;720,5;480,2;3,3;4,4;5,1
Pendle                              ;;Pendle                             ;89,6;44,1;45,5;812;401;411;11;6;9,1;598,2;692,6;517,3;3,7;8,4;6,9
Preston                             ;;Preston                            ;140,1;70,3;69,7;1126;560;566;14;5;8;589,7;695,6;495,2;5,5;7,3;5,9
Ribble Valley                       ;;Ribble Valley                      ;57,3;28,1;29,2;543;245;298;;;9,5;471;539;405,6;;;
Rossendale                          ;;Rossendale                         ;68,1;33,4;34,7;667;327;340;4;2;9,8;641,1;770,6;532,5;;4,7;3,6
South Ribble                        ;;South Ribble                       ;109,2;53,4;55,8;970;463;507;7;6;8,9;522,5;597,7;458,7;2,5;5,4;4
West Lancashire                     ;;West Lancashire                    ;110,6;53,8;56,8;1068;515;553;5;4;9,7;551,6;652;472,6;7,5;4,5;4,3
Wyre                                ;;Wyre                               ;107,7;52,2;55,5;1408;679;729;5;5;13,1;587,7;697,9;498,4;;5,1;10,5
;;;;;;;;;;;;;;;;;
Merseyside (Met county)             ;;Merseyside (Met county)            ;1380,8;671;709,7;13657;6570;7087;66;49;9,9;599,8;716,7;500,9;4,6;4;5
Knowsley                            ;;Knowsley                           ;145,9;69,3;76,6;1356;671;685;8;3;9,3;625,5;757,7;519,3;2,2;4,1;5,1
Liverpool                           ;;Liverpool                          ;465,7;230,4;235,2;4232;2035;2197;25;19;9,1;674,9;787,3;573,2;5,4;4,3;4,5
Sefton                              ;;Sefton                             ;274;131,3;142,7;3018;1489;1529;9;7;11;550,3;689,6;441,1;5,9;3,2;5,7
St Helens                           ;;St Helens                          ;175,4;86,2;89,2;1681;786;895;7;5;9,6;576,1;656,1;508;1,9;3,4;3,8
Wirral                              ;;Wirral                             ;319,8;153,8;166;3370;1589;1781;17;15;10,5;567,6;683,7;467,3;5;4,5;6
;;;;;;;;;;;;;;;;;
YORKSHIRE AND THE HUMBER            ;;YORKSHIRE AND THE HUMBER           ;5288,2;2602;2686,2;48527;23466;25061;327;228;9,2;566,2;670;480,6;5,2;4,9;4,3
;;;;;;;;;;;;;;;;;
East Riding of Yorkshire UA         ;;East Riding of Yorkshire UA        ;334,7;163,6;171,1;3571;1703;1868;12;7;10,7;515,1;600,4;441,8;3,6;3,9;3,8
Kingston upon Hull? City of UA      ;;Kingston upon Hull? City of UA     ;256,1;128,3;127,8;2358;1189;1169;13;8;9,2;672;808,1;555,5;5,3;3,4;3,6
North East Lincolnshire UA          ;;North East Lincolnshire UA         ;159,7;78,3;81,4;1564;736;828;6;5;9,8;568,2;647,8;499,3;4;3;4
North Lincolnshire UA               ;;North Lincolnshire UA              ;167,5;82,6;84,9;1638;792;846;11;7;9,8;566,2;659;492,7;6,4;5,9;3,6
York UA                             ;;York UA                            ;197,8;96,3;101,5;1794;894;900;8;5;9,1;526,5;650,8;429;5,7;3,9;1,9
;;;;;;;;;;;;;;;;;
North Yorkshire                     ;;North Yorkshire                    ;601,2;296,4;304,8;6049;2844;3205;19;14;10,1;495;579,3;425,4;3,8;3,1;3,4
Craven                              ;;Craven                             ;55,5;26,8;28,7;590;271;319;;;10,6;448,1;539,3;374,9;;;8,7
Hambleton                           ;;Hambleton                          ;89,6;44,3;45,3;813;401;412;2;1;9,1;433,3;520,5;357,6;;;
Harrogate                           ;;Harrogate                          ;158,7;77,6;81,1;1516;664;852;5;4;9,6;472,7;531,4;429,5;3,1;3;4,4
Richmondshire                       ;;Richmondshire                      ;53,3;28,7;24,6;454;218;236;;;8,5;522,9;590,6;465,5;9;;
Ryedale                             ;;Ryedale                            ;51,9;25,5;26,4;555;247;308;1;;10,7;453,9;486,6;431,3;;;
Scarborough                         ;;Scarborough                        ;108,7;52,6;56,2;1404;662;742;7;5;12,9;585,8;696,5;490,4;2,9;6,3;5,7
Selby                               ;;Selby                              ;83,5;40,9;42,6;717;381;336;4;4;8,6;520,3;659,9;402,5;4,2;4,3;
;;;;;;;;;;;;;;;;;
South Yorkshire (Met county)        ;;South Yorkshire (Met county)       ;1343,8;662,2;681,6;12374;6054;6320;77;55;9,2;576,4;683,6;489,1;5,1;4,6;4,9
Barnsley                            ;;Barnsley                           ;231,9;114;117,9;2274;1084;1190;8;4;9,8;601,9;696,3;522,1;5,2;2,7;3,4
Doncaster                           ;;Doncaster                          ;302,5;149,2;153,3;2872;1457;1415;21;18;9,5;583,5;705,9;484,9;5;5,6;4,5
Rotherham                           ;;Rotherham                          ;257,7;126,5;131,2;2509;1225;1284;13;11;9,7;587,1;695,4;502,8;5;4,3;6,1
Sheffield                           ;;Sheffield                          ;551,8;272,5;279,2;4719;2288;2431;35;22;8,6;555,6;660,5;469;5,3;5,2;5,2
;;;;;;;;;;;;;;;;;
West Yorkshire (Met county)         ;;West Yorkshire (Met county)        ;2227,4;1094,3;1133,1;19179;9254;9925;181;127;8,6;586;695;496,3;5,6;5,8;4,5
Bradford                            ;;Bradford                           ;523,1;257,4;265,7;4222;2026;2196;56;37;8,1;597,5;704,7;513,1;8,2;6,7;6
Calderdale                          ;;Calderdale                         ;204,2;99,8;104,4;1850;908;942;16;10;9,1;584,3;718,4;475,6;6,2;6,2;3,6
Kirklees                            ;;Kirklees                           ;423;208,9;214,1;3609;1750;1859;37;28;8,5;576,8;688,4;484;4,8;6,4;4,2
Leeds                               ;;Leeds                              ;750,7;368;382,7;6362;3065;3297;43;33;8,5;578,9;682,4;493,6;4,4;4,2;3,3
Wakefield                           ;;Wakefield                          ;326,4;160,2;166,3;3136;1505;1631;29;19;9,6;599,1;704,5;507,4;3,6;7,1;5,2
;;;;;;;;;;;;;;;;;
EAST MIDLANDS                       ;;EAST MIDLANDS                      ;4537,4;2237;2300,5;40379;19947;20432;238;171;8,9;529,1;629,7;444,4;4;4,3;4,5
;;;;;;;;;;;;;;;;;
Derby UA                            ;;Derby UA                           ;248,9;123,1;125,8;1973;972;1001;17;13;7,9;523,9;627,4;435,5;6,2;4,7;4,5
Leicester UA                        ;;Leicester UA                       ;329,6;163,1;166,6;2330;1185;1145;40;28;7,1;595,4;725,4;486,7;5,5;7,5;8
Nottingham UA                       ;;Nottingham UA                      ;303,9;153,2;150,7;2257;1159;1098;27;21;7,4;621,6;766,4;503,8;4,7;6,1;4,3
Rutland UA                          ;;Rutland UA                         ;37,6;19,1;18,5;362;172;190;2;1;9,6;446,2;522,4;376;;;
;;;;;;;;;;;;;;;;;
Derbyshire                          ;;Derbyshire                         ;770,7;379,1;391,6;7437;3643;3794;25;17;9,6;529,2;633,9;442,8;3,5;2,9;2,6
Amber Valley                        ;;Amber Valley                       ;122,5;60,3;62,3;1196;604;592;5;4;9,8;530,5;653,2;430;5,9;3,9;3,1
Bolsover                            ;;Bolsover                           ;76;37,5;38,6;778;393;385;1;;10,2;578,6;726,4;463,4;4,5;;
Chesterfield                        ;;Chesterfield                       ;103,8;50,9;52,9;1118;536;582;3;2;10,8;592,1;702,9;498,5;4;2,4;2,5
Derbyshire Dales                    ;;Derbyshire Dales                   ;71,1;35,1;36;748;352;396;1;1;10,5;471,1;554;405,8;;;
Erewash                             ;;Erewash                            ;112,2;54,9;57,3;974;467;507;3;2;8,7;491,6;576,3;420,5;;2,3;
High Peak                           ;;High Peak                          ;91;44,8;46,2;817;387;430;2;2;9;524,9;615,4;446,8;;;5,3
North East Derbyshire               ;;North East Derbyshire              ;99,1;48,6;50,5;1056;523;533;6;3;10,7;539,6;635,2;454,8;3,3;6,1;
South Derbyshire                    ;;South Derbyshire                   ;94,9;47,1;47,8;750;381;369;4;3;7,9;515,2;623,2;432,6;4,4;3,5;3,6
;;;;;;;;;;;;;;;;;
Leicestershire                      ;;Leicestershire                     ;651,2;321,7;329,5;5455;2732;2723;22;19;8,4;473,7;574,1;390,8;4,4;3,2;4,1
Blaby                               ;;Blaby                              ;94,1;46,3;47,8;730;342;388;1;;7,8;440,6;494,8;391,5;3;;3,7
Charnwood                           ;;Charnwood                          ;165,9;82,8;83,1;1360;683;677;6;6;8,2;501,1;609,3;410,8;5,8;3,4;4,9
Harborough                          ;;Harborough                         ;85,7;42,5;43,2;691;358;333;2;2;8,1;440,1;543,3;359,4;4,7;;3,6
Hinckley and Bosworth               ;;Hinckley and Bosworth              ;105,3;51,8;53,5;877;446;431;2;2;8,3;457,1;558;379,3;2,7;;4,3
Melton                              ;;Melton                             ;50,5;24,8;25,7;466;249;217;2;2;9,2;495,8;646,4;380,2;5,3;;5,2
North West Leicestershire           ;;North West Leicestershire          ;93,7;46,4;47,2;784;390;394;7;5;8,4;497,7;599,3;405,7;2,9;6,9;4,9
Oadby and Wigston                   ;;Oadby and Wigston                  ;56;27;28,9;547;264;283;2;2;9,8;479,5;590,4;386,1;6,8;;
;;;;;;;;;;;;;;;;;
Lincolnshire                        ;;Lincolnshire                       ;714,8;348,3;366,5;7512;3747;3765;26;15;10,5;531,4;631,4;447,5;3,9;3,3;5,6
Boston                              ;;Boston                             ;64,6;31,6;33,1;654;311;343;3;1;10,1;538,6;633,3;458,4;;3,4;7,7
East Lindsey                        ;;East Lindsey                       ;136,7;66,6;70,1;1790;888;902;10;6;13,1;577,7;660,3;505;4,3;7,7;5,4
Lincoln                             ;;Lincoln                            ;93,1;45,6;47,5;837;424;413;5;4;9;603,6;775,8;465,4;7,2;3,8;3,6
North Kesteven                      ;;North Kesteven                     ;108,5;53,1;55,5;1073;537;536;2;1;9,9;493,6;581,5;419,8;;;9
South Holland                       ;;South Holland                      ;88,4;43,2;45,2;934;475;459;2;;10,6;500,8;598,4;416,9;3,3;;5,2
South Kesteven                      ;;South Kesteven                     ;134,1;64,8;69,3;1266;619;647;2;2;9,4;481,7;574,1;410,2;4,1;;3,5
West Lindsey                        ;;West Lindsey                       ;89,4;43,5;45,8;958;493;465;2;1;10,7;552,7;657,3;461,4;4,4;;6,4
;;;;;;;;;;;;;;;;;
Northamptonshire                    ;;Northamptonshire                   ;694;342,3;351,6;5720;2797;2923;46;33;8,2;540,8;631,6;460,4;3,3;5;4,5
Corby                               ;;Corby                              ;61,6;30,3;31,3;514;260;254;3;2;8,3;665;767,7;573,5;;3,1;5,2
Daventry                            ;;Daventry                           ;78,1;39;39,1;648;331;317;1;1;8,3;494,8;602,4;402,5;5;;4,8
East Northamptonshire               ;;East Northamptonshire              ;86,9;43,1;43,8;765;381;384;3;2;8,8;517,9;623,1;418,4;6,9;3,1;4,3
Kettering                           ;;Kettering                          ;93,8;46,1;47,8;820;399;421;6;6;8,7;539;647;450,3;2,4;4,9;3,9
Northampton                         ;;Northampton                        ;212,5;104,5;108;1714;813;901;23;17;8,1;593,2;679,3;516,6;3,5;7;5,9
South Northamptonshire              ;;South Northamptonshire             ;85,4;42,2;43,2;640;306;334;2;1;7,5;440,5;492,5;386,8;;;
Wellingborough                      ;;Wellingborough                     ;75,6;37,2;38,4;619;307;312;8;4;8,2;516,3;611,6;439;;7,5;2,9
;;;;;;;;;;;;;;;;;
Nottinghamshire                     ;;Nottinghamshire                    ;786,8;387,2;399,6;7333;3540;3793;33;24;9,3;525,1;611,2;451,9;3,3;3,7;3,9
Ashfield                            ;;Ashfield                           ;119,5;58,6;60,9;1118;549;569;4;3;9,4;588,5;691,5;500,3;3,2;2,6;5,8
Bassetlaw                           ;;Bassetlaw                          ;113;56,1;56,9;1119;571;548;5;4;9,9;558,4;675,1;460,8;3,1;3,9;4,9
Broxtowe                            ;;Broxtowe                           ;109,7;54,3;55,5;1017;474;543;4;4;9,3;505,2;570,1;445,8;4,1;3,2;2,4
Gedling                             ;;Gedling                            ;113,7;55,5;58,3;1016;485;531;4;2;8,9;485,6;556,4;425,6;;3,3;3,2
Mansfield                           ;;Mansfield                          ;104,6;51,3;53,2;991;485;506;6;3;9,5;563,3;669;473,5;3,6;4,3;
Newark and Sherwood                 ;;Newark and Sherwood                ;115;56,6;58,4;1132;551;581;5;5;9,8;538;634,8;461,3;;4,1;3,8
Rushcliffe                          ;;Rushcliffe                         ;111,2;54,8;56,5;940;425;515;5;3;8,4;445,8;495,9;401,5;6,2;4,4;6,4
;;;;;;;;;;;;;;;;;
WEST MIDLANDS                       ;;WEST MIDLANDS                      ;5608,7;2767,3;2841,4;49110;23976;25134;440;317;8,8;536;636,1;452,2;5,5;6;5,5
;;;;;;;;;;;;;;;;;
Herefordshire? County of UA         ;;Herefordshire? County of UA        ;183,6;90,4;93,3;1915;934;981;11;8;10,4;504,2;603;424,9;3,7;5,9;3,7
Shropshire UA 8                     ;;Shropshire UA                      ;307,1;152,2;154,9;2987;1395;1592;10;7;9,7;485,3;555;425,4;2,4;3,5;3,4
StokeonTrent UA                   ;;StokeonTrent UA                  ;248,7;123,9;124,8;2311;1135;1176;32;25;9,3;633,4;730,6;550,4;7,7;8,4;6,4
Telford and Wrekin UA               ;;Telford and Wrekin UA              ;166,8;82,6;84,2;1320;666;654;12;6;7,9;581,2;694,4;485,7;4,2;5,2;6,7
;;;;;;;;;;;;;;;;;
Staffordshire                       ;;Staffordshire                      ;849,5;420,4;429,1;7591;3625;3966;46;33;8,9;510,2;589,8;445,6;4,8;5,1;5,3
Cannock Chase                       ;;Cannock Chase                      ;97,6;48,2;49,4;780;394;386;7;5;8;534,4;649,2;437,9;3,5;6,2;3,4
East Staffordshire                  ;;East Staffordshire                 ;113,9;56,6;57,3;998;461;537;10;8;8,8;543,4;613,5;476,1;5,6;6,7;5,3
Lichfield                           ;;Lichfield                          ;100,9;50;50,9;919;436;483;5;3;9,1;495,7;564,8;443,3;4;5;4,1
NewcastleunderLyme                ;;NewcastleunderLyme               ;123,9;61,2;62,6;1203;586;617;8;5;9,7;542,6;637,6;474,5;7,3;6,3;6,3
South Staffordshire                 ;;South Staffordshire                ;108,3;53,3;55;1016;475;541;2;2;9,4;473,1;539,9;418,6;5,5;;
Stafford                            ;;Stafford                           ;130,9;65,5;65,4;1193;574;619;6;4;9,1;493,2;567,6;435,1;2,3;4,7;8,4
Staffordshire Moorlands             ;;Staffordshire Moorlands            ;97,2;47,8;49,4;937;442;495;4;4;9,6;488,7;561,7;427,1;4,6;4,5;3,4
Tamworth                            ;;Tamworth                           ;76,9;37,7;39,2;545;257;288;4;2;7,1;515,4;586,6;458,7;5,8;4;8,1
;;;;;;;;;;;;;;;;;
Warwickshire                        ;;Warwickshire                       ;546,6;269,6;277;4823;2371;2452;28;21;8,8;495,1;593,6;415,4;4,9;4,5;2,7
North Warwickshire                  ;;North Warwickshire                 ;62,1;30,6;31,5;617;290;327;7;6;9,9;570,2;641,3;508,2;7,3;10,8;
Nuneaton and Bedworth               ;;Nuneaton and Bedworth              ;125,4;61,5;63,9;1105;548;557;5;3;8,8;568,2;694,8;477,6;4,8;3,1;3,1
Rugby                               ;;Rugby                              ;100,5;50,1;50,4;835;397;438;3;2;8,3;481,5;539,4;431,9;5,7;2,4;4
StratfordonAvon                   ;;StratfordonAvon                  ;120,8;58,7;62,1;1160;589;571;6;6;9,6;440;559,4;346,8;4,3;5,2;2,6
Warwick                             ;;Warwick                            ;137,7;68,7;69;1106;547;559;7;4;8;469;571,5;381,4;3,9;4,5;1,9
;;;;;;;;;;;;;;;;;
West Midlands (Met county)          ;;West Midlands (Met county)         ;2739,7;1349,2;1390,5;22873;11323;11550;286;207;8,3;565,6;682,2;467,7;6,2;7;6,4
Birmingham                          ;;Birmingham                         ;1074,3;528,8;545,4;7985;3926;4059;143;107;7,4;579,2;694,3;480,8;6,5;8,2;6,9
Coventry                            ;;Coventry                           ;316,9;157,8;159,1;2630;1303;1327;27;17;8,3;577,2;689,7;479,4;4,7;5,6;4,2
Dudley                              ;;Dudley                             ;313,3;153,9;159,4;2933;1458;1475;13;11;9,4;538,4;652,8;445,3;5;3,5;4,8
Sandwell                            ;;Sandwell                           ;309;152,1;156,9;2775;1379;1396;33;25;9;610,6;749,1;501,9;7,5;6,6;7,4
Solihull                            ;;Solihull                           ;206,9;100,4;106,4;1789;895;894;10;8;8,6;459,6;558,9;386,8;2,7;4,2;4
Walsall                             ;;Walsall                            ;269,5;132,4;137,1;2426;1206;1220;36;26;9;571,7;691,3;467,2;6,3;9,6;6,8
Wolverhampton                       ;;Wolverhampton                      ;249,9;123,7;126,2;2335;1156;1179;24;13;9,3;584,7;706,2;476,3;8,8;6,6;7,9
;;;;;;;;;;;;;;;;;
Worcestershire                      ;;Worcestershire                     ;566,6;278,9;287,6;5290;2527;2763;15;10;9,3;488,9;572,4;416,6;3,5;2,4;3,5
Bromsgrove                          ;;Bromsgrove                         ;93,7;46,3;47,4;927;393;534;1;1;9,9;461,4;489,4;434,5;3,3;;
Malvern Hills                       ;;Malvern Hills                      ;74,7;36,3;38,4;911;430;481;3;;12,2;487,2;579,6;404,7;;4,7;
Redditch                            ;;Redditch                           ;84,3;41,9;42,4;644;314;330;2;1;7,6;547,5;639,1;466,2;4,4;;5,7
Worcester                           ;;Worcester                          ;98,7;48,6;50,1;738;365;373;5;5;7,5;503,3;615,6;418,3;3;3,8;2,8
Wychavon                            ;;Wychavon                           ;117,1;57,5;59,6;1094;543;551;1;;9,3;442,2;531,6;365,3;5,3;;3,4
Wyre Forest                         ;;Wyre Forest                        ;98;48,3;49,7;976;482;494;3;3;10;519,9;617,2;435,1;2,7;2,9;3,6
;;;;;;;;;;;;;;;;;
EAST                                ;;EAST                               ;5862,4;2885;2977,4;50561;24394;26167;297;211;8,6;485,3;570,4;414,4;3,6;4,1;3,9
;;;;;;;;;;;;;;;;;
Bedford UA 9                        ;;Bedford UA                         ;157,8;77,5;80,3;1269;606;663;19;11;8;507,5;587,1;441,1;4,7;9,1;3,8
Central Bedfordshire UA 10           ;;Central Bedfordshire UA            ;255,6;126,8;128,9;1822;928;894;12;9;7,1;466;552,3;390,2;1,6;3,6;4,9
Luton UA                            ;;Luton UA                           ;203,6;102,3;101,3;1309;663;646;17;10;6,4;558,4;650,9;472,8;5,9;4,8;5,3
Peterborough UA                     ;;Peterborough UA                    ;184,5;91,4;93,1;1426;749;677;15;9;7,7;564,5;706;450,4;4,1;4,8;3,7
Southend on Sea UA                  ;;Southend on Sea UA                 ;174,3;85,4;88,9;1722;763;959;8;5;9,9;522,9;598,7;461,3;5,4;3,5;3,4
Thurrock UA                         ;;Thurrock UA                        ;158,3;78,1;80,1;1142;552;590;4;3;7,2;547,4;652,6;461,4;2,9;1,7;3,2
;;;;;;;;;;;;;;;;;
Cambridgeshire                      ;;Cambridgeshire                     ;622,3;310,5;311,8;4550;2220;2330;24;17;7,3;440,6;520,2;377,4;4,2;3,2;4,3
Cambridge                           ;;Cambridge                          ;122,7;62,6;60,1;747;353;394;5;3;6,1;442,1;529,3;374,1;7,1;3,6;3,3
East Cambridgeshire                 ;;East Cambridgeshire                ;84,2;41,7;42,6;677;328;349;7;5;8;456,9;558,6;381,6;3,7;6,3;3,6
Fenland                             ;;Fenland                            ;95,5;46,9;48,5;992;471;521;4;3;10,4;537,4;622,2;465,2;2,7;3,5;5,8
Huntingdonshire                     ;;Huntingdonshire                    ;170;84,8;85,3;1164;585;579;6;4;6,8;434,9;521,4;367,1;4;2,9;6,1
South Cambridgeshire                ;;South Cambridgeshire               ;149,8;74,5;75,4;970;483;487;2;2;6,5;375;436,3;325,7;3,4;;2,3
;;;;;;;;;;;;;;;;;
Essex                               ;;Essex                              ;1396,6;681,8;714,8;12864;6082;6782;64;46;9,2;499;580,6;430,9;4;3,9;3,9
Basildon                            ;;Basildon                           ;175;84,9;90,1;1407;648;759;7;4;8;501,4;571,5;445,6;3,5;3;2,4
Braintree                           ;;Braintree                          ;147,5;72,4;75,1;1224;572;652;7;5;8,3;484,6;550;433,8;5,5;4;4,5
Brentwood                           ;;Brentwood                          ;73,8;35,7;38,2;679;300;379;3;1;9,2;440,6;491,3;393,5;;3,9;
Castle Point                        ;;Castle Point                       ;88;42,9;45,1;905;442;463;4;4;10,3;489,9;579,4;429,6;5,7;4,9;9,4
Chelmsford                          ;;Chelmsford                         ;168,5;83;85,5;1324;658;666;5;4;7,9;461,5;552,6;383,5;4,7;2,5;1,5
Colchester                          ;;Colchester                         ;173,6;85,8;87,8;1432;663;769;8;4;8,2;517,2;597,3;441,3;3,2;3,7;5,1
Epping Forest                       ;;Epping Forest                      ;124,9;60,5;64,4;1139;525;614;4;3;9,1;485,8;557,6;427,4;3,3;2,5;2,5
Harlow                              ;;Harlow                             ;82,2;39,8;42,4;703;339;364;9;7;8,6;581,8;690,4;498;4,8;7;
Maldon                              ;;Maldon                             ;61,7;30,5;31,2;584;261;323;1;;9,5;496,3;542,5;451,4;;;
Rochford                            ;;Rochford                           ;83,3;40,8;42,5;704;345;359;5;5;8,4;426,6;512,5;360,5;6,9;6,2;5,2
Tendring                            ;;Tendring                           ;138,1;66,1;72;2109;1007;1102;7;5;15,3;598,7;717,5;496;3,6;5;8,1
Uttlesford                          ;;Uttlesford                         ;80;39,6;40,5;654;322;332;4;4;8,2;454,9;548,7;374,3;;4,7;5,6
;;;;;;;;;;;;;;;;;
Hertfordshire                       ;;Hertfordshire                      ;1119,8;549;570,8;8708;4199;4509;53;44;7,8;474,1;564,5;401;2,5;3,5;2,8
Broxbourne                          ;;Broxbourne                         ;93,7;45,4;48,3;687;349;338;1;;7,3;460,8;568,9;376,8;2,4;;6,5
Dacorum                             ;;Dacorum                            ;145,3;71,5;73,8;1125;566;559;5;4;7,7;461,1;569,7;366,3;3;2,7;1,5
East Hertfordshire                  ;;East Hertfordshire                 ;138,2;67,9;70,3;951;469;482;4;3;6,9;434,5;521,7;367,4;;2,3;1,9
Hertsmere                           ;;Hertsmere                          ;100,4;48,5;51,9;841;382;459;7;7;8,4;485,2;546,7;439,4;;5,4;4,6
North Hertfordshire                 ;;North Hertfordshire                ;127,5;62,5;65;1203;545;658;3;2;9,4;501,8;578,3;434,1;3,7;1,8;2,4
St Albans                           ;;St Albans                          ;141,2;69,3;71,9;1022;511;511;6;4;7,2;445,2;537,3;370,9;;3,1;
Stevenage                           ;;Stevenage                          ;84,2;41,6;42,6;632;313;319;11;11;7,5;523,2;620,7;452,1;4,1;9;3,2
Three Rivers                        ;;Three Rivers                       ;87,9;42,7;45,2;733;353;380;3;3;8,3;455,3;562,4;370;4,5;2,9;2,8
Watford                             ;;Watford                            ;90,7;45;45,6;633;306;327;5;4;7;533,6;642,5;443,8;3,4;3,3;1,9
Welwyn Hatfield                     ;;Welwyn Hatfield                    ;110,7;54,5;56,2;881;405;476;8;6;8;484,4;557;430,3;2,1;5,7;4,4
;;;;;;;;;;;;;;;;;
Norfolk                             ;;Norfolk                            ;859,4;421,2;438,2;8869;4295;4574;46;36;10,3;485,1;568;415,7;3,3;4,9;4,7
Breckland                           ;;Breckland                          ;131;64,8;66,2;1414;664;750;7;6;10,8;500,9;572,4;438,3;6,9;4,7;4,1
Broadland                           ;;Broadland                          ;124,7;60,9;63,8;1281;578;703;5;5;10,3;441,2;479,2;412,6;;4,4;
Great Yarmouth                      ;;Great Yarmouth                     ;97,4;47,9;49,6;1120;548;572;6;5;11,5;590,2;701;500,5;3,4;5,4;5,2
King's Lynn and West Norfolk        ;;King's Lynn and West Norfolk       ;147,9;72,4;75,5;1587;785;802;13;11;10,7;498,2;583,8;424,9;1,8;8,2;2,9
North Norfolk                       ;;North Norfolk                      ;101,7;49,2;52,4;1275;631;644;5;2;12,5;445,4;544,1;367;;5,8;4,8
Norwich                             ;;Norwich                            ;132,2;65,3;66,9;1062;526;536;6;3;8;522,1;641;425,1;2,8;3,2;8,5
South Norfolk                       ;;South Norfolk                      ;124,5;60,7;63,8;1130;563;567;4;4;9,1;431,5;504,5;366,5;4,2;3,2;3,8
;;;;;;;;;;;;;;;;;
Suffolk                             ;;Suffolk                            ;730,1;360,9;369,2;6880;3337;3543;35;21;9,4;465,2;547,2;395,1;3,3;4,2;4,6
Babergh                             ;;Babergh                            ;87,9;43;44,9;808;405;403;3;1;9,2;424,2;519,2;349,7;;3,8;
Forest Heath                        ;;Forest Heath                       ;60;30,3;29,8;455;223;232;5;1;7,6;465,2;541,2;393,8;6,4;4,8;2,9
Ipswich                             ;;Ipswich                            ;133,7;66,6;67,1;1086;505;581;13;8;8,1;506,5;586,7;438,6;2,5;6,6;4,4
Mid Suffolk                         ;;Mid Suffolk                        ;97,1;48,2;48,9;851;425;426;1;1;8,8;435,3;509,4;372,2;;;7,4
St Edmundsbury                      ;;St Edmundsbury                     ;111,4;55,9;55,5;900;439;461;4;4;8,1;425,2;495,7;366,8;3,2;3,2;2,5
Suffolk Coastal                     ;;Suffolk Coastal                    ;124,6;60,9;63,7;1394;669;725;4;3;11,2;469,3;542,7;406;6,9;3,6;6,7
Waveney                             ;;Waveney                            ;115,4;56;59,3;1386;671;715;5;3;12;511,1;612,1;423,1;3,3;4;5,5
;;;;;;;;;;;;;;;;;
LONDON                              ;;LONDON                             ;8204,4;4054;4150,4;46685;23190;23495;551;380;5,7;493,8;594,2;410,7;4,7;4,1;3,9
;;;;;;;;;;;;;;;;;
INNER LONDON                        ;;INNER LONDON                       ;3241,1;1616,5;1624,6;15195;7889;7306;244;180;4,7;527,6;637,7;432,3;4,6;4,5;4,3
Camden                              ;;Camden                             ;220,1;108,1;112;1103;561;542;19;15;5;461;555,4;384,9;3,9;6,1;2,4
Hackney and City of London 11        ;;Hackney and City of London3         ;254,6;126,7;127,9;1042;559;483;19;11;4,1;541,8;641,6;444,6;5,8;4,3;6,5
Hammersmith and Fulham              ;;Hammersmith and Fulham             ;182,4;89,1;93,3;937;486;451;9;8;5,1;563,6;699,2;451,3;3,6;3,3;4,9
Haringey                            ;;Haringey                           ;255,5;126,8;128,7;1107;574;533;15;10;4,3;492,2;593;408,9;4;3,5;4
Islington                           ;;Islington                          ;206,3;101,8;104,5;1042;566;476;8;6;5,1;571,8;710,7;450,2;2,7;2,7;1
Kensington and Chelsea              ;;Kensington and Chelsea             ;158,3;78,1;80,2;814;407;407;9;7;5,1;423,6;496;358,5;3,2;4,1;2,5
Lambeth                             ;;Lambeth                            ;304,5;151,8;152,7;1355;766;589;31;20;4,5;547,4;707;411,6;7,7;6,5;3,7
Lewisham                            ;;Lewisham                           ;276,9;135,6;141,3;1607;768;839;22;15;5,8;580,8;686;493,4;4,8;4,5;5,5
Newham                              ;;Newham                             ;310,5;162;148,4;1231;646;585;26;17;4;555,8;659,7;463,5;6,1;4,1;4,5
Southwark                           ;;Southwark                          ;288,7;143;145,7;1340;700;640;25;22;4,6;560,1;686,2;458,3;3,5;4,9;4,4
Tower Hamlets                       ;;Tower Hamlets                      ;256;132,1;123,9;1013;570;443;32;29;4;609,1;757,7;469,5;3,7;7;5,4
Wandsworth                          ;;Wandsworth                         ;307,7;149,2;158,5;1521;726;795;18;13;4,9;531,7;628,4;451,5;4;3,3;3,9
Westminster                         ;;Westminster                        ;219,6;112;107,6;1083;560;523;11;7;4,9;442,6;514,6;375,5;3,9;3,6;4,1
;;;;;;;;;;;;;;;;;
OUTER LONDON                        ;;OUTER LONDON                       ;4963,3;2437,5;2525,8;31490;15301;16189;307;200;6,3;476,7;571,6;400,1;4,7;3,9;3,6
Barking and Dagenham                ;;Barking and Dagenham               ;187;90,9;96,2;1218;589;629;14;11;6,5;586,7;731,3;476,8;4;3,8;4,3
Barnet                              ;;Barnet                             ;357,5;173,4;184,1;2305;1038;1267;19;13;6,4;437,8;502;385,1;3,8;3,5;2,1
Bexley                              ;;Bexley                             ;232,8;112,1;120,7;1847;895;952;9;4;7,9;481,9;588,8;398;3;2,8;2,9
Brent                               ;;Brent                              ;312,2;157,3;155;1471;791;680;31;21;4,7;458;561,7;368,1;4;5,9;4,1
Bromley                             ;;Bromley                            ;310,6;149,2;161,4;2530;1159;1371;8;5;8,1;453,5;531,7;389;2,9;1,9;1,2
Croydon                             ;;Croydon                            ;364,8;176,9;187,9;2365;1145;1220;23;13;6,5;513;606,6;435,6;4,3;4;3,7
Ealing                              ;;Ealing                             ;339,3;169,8;169,5;1866;970;896;24;18;5,5;499;605,3;404,4;3,9;4,1;2,7
Enfield                             ;;Enfield                            ;313,9;151,5;162,4;1846;921;925;21;10;5,9;455,5;568,5;370,2;7;4,3;5,5
Greenwich                           ;;Greenwich                          ;255,5;126,9;128,6;1543;778;765;14;12;6;553;689,1;449,6;5,6;3,1;4,3
Harrow                              ;;Harrow                             ;240,5;118,9;121,6;1414;711;703;18;11;5,9;410,8;497,7;336,8;7,4;5,2;5,6
Havering                            ;;Havering                           ;237,9;114,5;123,4;2105;999;1106;12;8;8,8;477,8;584,1;395,2;5;4,1;4,8
Hillingdon                          ;;Hillingdon                         ;275,5;136,8;138,7;1780;866;914;13;8;6,5;481,9;556,5;418,9;5,7;3;3,3
Hounslow                            ;;Hounslow                           ;254,9;128,1;126,8;1403;696;707;20;14;5,5;513;600,5;443,6;5,2;4,4;4,3
Kingston upon Thames                ;;Kingston upon Thames               ;160,4;78,4;82,1;1029;484;545;8;8;6,4;453,2;550;375,1;4,3;3,5;4,7
Merton                              ;;Merton                             ;200,5;99;101,5;1171;566;605;15;9;5,8;480,8;572,2;407,3;5,1;4,2;3,7
Redbridge                           ;;Redbridge                          ;281,4;139,5;141,9;1733;835;898;15;7;6,2;474,7;563,2;406,7;5,6;3,3;2,7
Richmond upon Thames                ;;Richmond upon Thames               ;187,5;91,4;96,1;1153;545;608;11;9;6,1;412;501,6;341,7;2,7;3,7;1,7
Sutton                              ;;Sutton                             ;191,1;92,9;98,2;1371;670;701;6;5;7,2;474,9;577,9;398,4;2,2;2,2;1,8
Waltham Forest                      ;;Waltham Forest                     ;259,7;130;129,8;1340;643;697;26;14;5,2;487,5;566,8;427,7;6,4;5,4;4,3
;;;;;;;;;;;;;;;;;
SOUTH EAST                          ;;SOUTH EAST                         ;8652,8;4251,4;4401,4;74135;35196;38939;380;259;8,6;482,4;568,5;410,9;3,6;3,5;3,4
;;;;;;;;;;;;;;;;;
Bracknell Forest UA                 ;;Bracknell Forest UA                ;113,7;56,5;57,2;701;307;394;4;2;6,2;470,6;499,7;441,7;5,7;2,5;3,2
Brighton and Hove UA                ;;Brighton and Hove UA               ;273;136,2;136,8;2081;978;1103;16;16;7,6;533,2;624;456,9;3,6;4,9;4,7
Isle of Wight UA                    ;;Isle of Wight UA                   ;138,4;67,5;70,9;1601;745;856;5;3;11,6;483,3;565,1;415,3;;3,8;
Medway UA                           ;;Medway UA                          ;264,9;131,4;133,5;2013;978;1035;12;8;7,6;557,6;658,6;474,8;3,7;3,4;3
Milton Keynes UA                    ;;Milton Keynes UA                   ;249,9;123,6;126,3;1552;763;789;12;9;6,2;538,2;644,6;453,6;4,6;3,1;3,6
Portsmouth UA                       ;;Portsmouth UA                      ;205,4;103,9;101,6;1706;839;867;4;3;8,3;601;729,6;495,5;3,6;1,5;2,9
Reading UA                          ;;Reading UA                         ;155,3;77,9;77,4;1019;502;517;13;10;6,6;534,1;630,4;444,4;4,9;5;4
Slough UA                           ;;Slough UA                          ;140,7;70,4;70,3;777;410;367;18;11;5,5;570,4;700;460,7;3;6,4;7
Southampton UA                      ;;Southampton UA                     ;235,9;119,2;116,7;1750;843;907;14;6;7,4;551,9;657,9;458,1;5,5;3,9;2,9
West Berkshire UA                   ;;West Berkshire UA                  ;154,1;76,4;77,7;1122;581;541;8;5;7,3;471,7;573,3;386,1;3;4;2,6
Windsor and Maidenhead UA           ;;Windsor and Maidenhead UA          ;145,1;71,7;73,4;1141;532;609;9;6;7,9;451,4;522,1;390,7;2,1;5;2,2
Wokingham UA                        ;;Wokingham UA                       ;154,9;76,7;78,2;1044;493;551;6;6;6,7;434,6;491,8;384,2;4;3,2;
;;;;;;;;;;;;;;;;;
Buckinghamshire                     ;;Buckinghamshire                    ;506,6;249;257,6;3793;1863;1930;20;16;7,5;447,5;536;374,1;4,8;3,3;4,5
Aylesbury Vale                      ;;Aylesbury Vale                     ;174,9;86,6;88,3;1284;656;628;8;7;7,3;483,8;606,8;385,5;6,1;3,6;5,7
Chiltern                            ;;Chiltern                           ;92,7;45;47,6;724;338;386;3;3;7,8;404,9;462,7;354,1;3;3,3;5,4
South Bucks                         ;;South Bucks                        ;67,1;32,5;34,5;572;290;282;2;1;8,5;419,5;515,6;353,7;;;
Wycombe                             ;;Wycombe                            ;172;84,8;87,2;1213;579;634;7;5;7,1;453;522,5;389,6;4,9;3,1;4,5
;;;;;;;;;;;;;;;;;
East Sussex                         ;;East Sussex                        ;527,2;254,1;273,1;6139;2820;3319;21;16;11,6;496;586,5;421,3;3,5;3,9;2,8
Eastbourne                          ;;Eastbourne                         ;99,3;47,6;51,7;1204;517;687;2;2;12,1;504,2;580,8;440,4;3,4;;
Hastings                            ;;Hastings                           ;90,2;44;46,2;988;469;519;6;4;11;633,1;768,1;513;7;5;3,3
Lewes                               ;;Lewes                              ;97,6;47,3;50,2;1050;504;546;4;3;10,8;466,4;564,6;389,2;;4,2;5,1
Rother                              ;;Rother                             ;90,7;43,1;47,6;1286;580;706;7;5;14,2;479,4;555,7;416,5;4;9,3;
Wealden                             ;;Wealden                            ;149,4;72,1;77,4;1611;750;861;2;2;10,8;455,9;536,6;392,5;;;
;;;;;;;;;;;;;;;;;
Hampshire                           ;;Hampshire                          ;1322,1;647,5;674,6;11397;5389;6008;50;30;8,6;454,5;524,8;396,7;3,2;3,3;2,8
Basingstoke and Deane               ;;Basingstoke and Deane              ;168,6;83,5;85;1176;535;641;8;6;7;485,7;519,4;452,5;6,2;3,4;2,5
East Hampshire                      ;;East Hampshire                     ;116;56,5;59,5;1047;470;577;3;2;9;447,1;507,5;397,9;;2,5;3,3
Eastleigh                           ;;Eastleigh                          ;125,9;61,7;64,2;911;448;463;5;3;7,2;414,2;500,5;348;;3,2;2,5
Fareham                             ;;Fareham                            ;111,9;54,8;57,1;1091;510;581;5;3;9,7;466,2;519,9;424;5,6;4,5;4,5
Gosport                             ;;Gosport                            ;82,7;40,8;41,9;766;366;400;7;2;9,3;548,3;631,2;479;2,9;6,8;5,8
Hart                                ;;Hart                               ;91,7;45,6;46;587;271;316;;;6,4;391,2;427,2;359,9;3,7;;
Havant                              ;;Havant                             ;120,8;58,6;62,2;1258;610;648;7;6;10,4;519,8;592,3;462,7;3,8;5,2;
New Forest                          ;;New Forest                         ;176,8;84,9;91,9;1998;928;1070;7;1;11,3;424,5;493,8;366;;4,4;2,3
Rushmoor                            ;;Rushmoor                           ;94,4;47,2;47,2;624;302;322;3;3;6,6;506,7;612,4;417,8;3,6;2,1;2,9
Test Valley                         ;;Test Valley                        ;116,7;57,1;59,6;962;491;471;3;2;8,2;449,4;564,8;356,8;;2,3;2,3
Winchester                          ;;Winchester                         ;116,8;56,8;60;977;458;519;2;2;8,4;415,2;493,1;353,6;3,3;;3,3
;;;;;;;;;;;;;;;;;
Kent                                ;;Kent                               ;1466,5;717,2;749,2;13434;6437;6997;61;38;9,2;504,8;603,6;423,2;3,1;3,5;2,9
Ashford                             ;;Ashford                            ;118,4;57,4;61;888;428;460;3;2;7,5;439,1;517,3;377,6;3,3;2,1;
Canterbury                          ;;Canterbury                         ;150,6;72,6;78;1481;693;788;5;4;9,8;490,3;591,9;410,2;2;3,4;6,3
Dartford                            ;;Dartford                           ;97,6;48,2;49,4;858;382;476;4;3;8,8;578,4;623,3;536;;2,7;
Dover                               ;;Dover                              ;111,7;54,8;56,9;1231;582;649;5;2;11;559,4;655,5;472,9;6,4;4,3;3,2
Gravesham                           ;;Gravesham                          ;101,8;50,2;51,6;832;407;425;4;4;8,2;521,2;622,1;427,7;4,6;2,9;3,4
Maidstone                           ;;Maidstone                          ;155,8;76,9;78,9;1307;616;691;9;5;8,4;481,6;572,6;407,3;2,7;4,5;
Sevenoaks                           ;;Sevenoaks                          ;115,4;56;59,4;997;467;530;6;4;8,6;446,7;524,8;381,1;4,4;4,5;3,6
Shepway                             ;;Shepway                            ;108,2;53,3;54,9;1159;579;580;4;2;10,7;523,5;650,4;416,2;3,4;3,4;3,3
Swale                               ;;Swale                              ;136,3;67,4;68,9;1160;557;603;10;4;8,5;531,2;619,1;466,2;3,3;5,9;1,7
Thanet                              ;;Thanet                             ;134,4;64,7;69,8;1689;834;855;3;2;12,6;602,2;760,8;476,7;4,3;1,8;4,8
Tonbridge and Malling               ;;Tonbridge and Malling              ;121,1;59,3;61,8;933;454;479;6;5;7,7;466,1;550,4;395,9;2,1;4,4;2,8
Tunbridge Wells                     ;;Tunbridge Wells                    ;115,2;56,6;58,7;899;438;461;2;1;7,8;428,8;540,4;338,7;;;3
;;;;;;;;;;;;;;;;;
Oxfordshire                         ;;Oxfordshire                        ;654,8;324,1;330,7;5058;2476;2582;31;22;7,7;476,2;566,8;400,2;4;3,6;4,1
Cherwell                            ;;Cherwell                           ;142,3;70,4;71,9;1025;506;519;7;6;7,2;470,6;560,8;400,4;4,7;3,6;1,6
Oxford                              ;;Oxford                             ;150,2;74,8;75,5;949;487;462;7;7;6,3;546,6;700,9;412,1;3,8;3,4;10,5
South Oxfordshire                   ;;South Oxfordshire                  ;135;66,4;68,5;1117;543;574;8;5;8,3;456,9;539,3;389,4;3,1;4,8;3,2
Vale of White Horse                 ;;Vale of White Horse                ;121,9;60,7;61,2;1044;503;541;4;2;8,6;465,8;541,8;400,4;5,3;2,6;
West Oxfordshire                    ;;West Oxfordshire                   ;105,4;51,9;53,5;923;437;486;5;2;8,8;465,5;531,8;409,7;3,1;3,8;2,3
;;;;;;;;;;;;;;;;;
Surrey                              ;;Surrey                             ;1135,4;556,4;578,9;9419;4408;5011;41;29;8,3;446,2;524;380,7;3,2;2,9;3,7
Elmbridge                           ;;Elmbridge                          ;131,4;63,7;67,7;1055;499;556;7;3;8;442;519,8;381,5;1,6;3,7;5,5
Epsom and Ewell                     ;;Epsom and Ewell                    ;75,2;36,5;38,7;572;261;311;1;;7,6;413,6;465;367,3;5,4;;
Guildford                           ;;Guildford                          ;137,6;68,4;69,2;964;469;495;6;6;7;419,2;504,4;348,6;1,9;3,6;2,4
Mole Valley                         ;;Mole Valley                        ;85,6;41,9;43,8;805;395;410;1;1;9,4;425,7;525,9;340;;;
Reigate and Banstead                ;;Reigate and Banstead               ;138,4;67,7;70,7;1237;539;698;3;2;8,9;470,5;542,8;402,7;5,3;1,6;3,2
Runnymede                           ;;Runnymede                          ;80,5;39,2;41,3;672;324;348;1;1;8,3;471,3;563,5;397,6;5,1;;3
Spelthorne                          ;;Spelthorne                         ;95,9;47,2;48,7;867;435;432;3;2;9;508,9;617,9;413,3;6,5;2,4;3,3
Surrey Heath                        ;;Surrey Heath                       ;86,4;43;43,4;692;317;375;2;1;8;463,1;528,4;406,7;6,3;;
Tandridge                           ;;Tandridge                          ;83,2;40,3;42,9;767;361;406;5;4;9,2;469,5;555,6;400,3;;5,5;4,1
Waverley                            ;;Waverley                           ;121,8;59,4;62,4;1050;473;577;6;5;8,6;407;465,8;358;;4,6;2,9
Woking                              ;;Woking                             ;99,5;49,3;50,2;738;335;403;6;4;7,4;445,7;504,3;399,6;2;4,1;7,8
;;;;;;;;;;;;;;;;;
West Sussex                         ;;West Sussex                        ;808,9;391,7;417,2;8388;3832;4556;35;23;10,4;473,4;551,6;411,2;3,5;3,8;3,6
Adur                                ;;Adur                               ;61,3;29,6;31,7;690;308;382;2;1;11,2;493,2;571,9;420,2;4,2;;
Arun                                ;;Arun                               ;149,8;71,5;78,3;1997;956;1041;6;3;13,3;501,1;610,1;415,9;4;3,8;4,3
Chichester                          ;;Chichester                         ;114;54,5;59,5;1366;599;767;5;3;12;473,1;534,6;419,5;2,8;4,4;4,4
Crawley                             ;;Crawley                            ;107,1;52,9;54,1;732;370;362;7;3;6,8;493,8;615,3;400,9;4,7;4,1;2,4
Horsham                             ;;Horsham                            ;131,5;64;67,6;1149;542;607;4;3;8,7;426,5;497,1;378;;3,1;5,4
Mid Sussex                          ;;Mid Sussex                         ;140,2;68,6;71,5;1222;514;708;7;6;8,7;434,9;477,9;399,6;;4,6;3,2
Worthing                            ;;Worthing                           ;105;50,6;54,4;1232;543;689;4;4;11,7;513,6;599,4;445,9;6,7;3,2;3,4
;;;;;;;;;;;;;;;;;
SOUTH WEST                          ;;SOUTH WEST                         ;5300,8;2599,2;2701,6;51382;24490;26892;227;168;9,7;486,5;575,7;411,2;3,2;3,7;4
;;;;;;;;;;;;;;;;;
Bath and North East Somerset UA     ;;Bath and North East Somerset UA    ;175,5;85,9;89,6;1560;761;799;4;3;8,9;468,3;576,2;379,6;;2,2;
Bournemouth UA                      ;;Bournemouth UA                     ;183,5;91,6;91,9;1908;912;996;8;7;10,4;534,3;647,1;434,1;2,2;3,4;2,6
Bristol? City of UA                 ;;Bristol? City of UA                ;428,1;213,4;214,7;3290;1595;1695;20;17;7,7;556,2;668,5;464,2;2,3;3;4
Cornwall UA and Isles of Scilly UA 12;;Cornwall UA and Isles of Scilly UA3 ;536;259,6;276,4;5663;2764;2899;33;22;10,6;502,9;606,2;416,9;4;5,7;5,6
North Somerset UA                   ;;North Somerset UA                  ;203,1;98,7;104,4;2214;1013;1201;12;9;10,9;512,8;595,8;442,5;4,5;5,1;3
Plymouth UA                         ;;Plymouth UA                        ;256,6;127,2;129,4;2236;1096;1140;18;14;8,7;548,6;658,7;453,3;4;5,5;3,8
Poole UA                            ;;Poole UA                           ;148,1;72,4;75,6;1524;713;811;7;4;10,3;479,2;566,5;405,4;1,7;4;4,2
South Gloucestershire UA            ;;South Gloucestershire UA           ;263,4;130,7;132,7;2011;980;1031;5;4;7,6;456;538,5;380,3;1,9;1,6;2,5
Swindon UA                          ;;Swindon UA                         ;209,7;104,9;104,8;1605;775;830;8;6;7,7;539,2;614,9;476,6;3,3;2,7;2,3
Torbay UA                           ;;Torbay UA                          ;131,2;63,2;68;1672;728;944;6;5;12,7;538,4;601,8;480,4;6,4;4;3,4
Wiltshire UA 13                      ;;Wiltshire UA                       ;474,3;234,3;240,1;4138;1964;2174;19;17;8,7;476;553,2;413,3;3,3;3,5;5,4
;;;;;;;;;;;;;;;;;
Devon                               ;;Devon                              ;747,7;362,9;384,8;8102;3763;4339;34;25;10,8;470,8;550,6;403,3;4,3;4,5;4,5
East Devon                          ;;East Devon                         ;133,3;64;69,3;1730;761;969;4;3;13;434,3;487,1;387,8;2,8;3,6;4,3
Exeter                              ;;Exeter                             ;117,1;57;60,1;962;425;537;8;6;8,2;503,8;575,3;454,2;6,3;5,5;2,8
Mid Devon                           ;;Mid Devon                          ;77,9;38,1;39,8;728;394;334;7;4;9,3;470,5;617,3;346,3;3,5;8,1;6,7
North Devon                         ;;North Devon                        ;94;45,8;48,2;1055;486;569;7;7;11,2;510,5;586,7;445,9;4,9;6,5;8
South Hams                          ;;South Hams                         ;83,6;40,5;43,1;873;404;469;1;1;10,4;427,7;498;367,3;5,8;;
Teignbridge                         ;;Teignbridge                        ;124,3;60,2;64,1;1422;666;756;5;3;11,4;475;567,5;392,7;;4,3;2,5
Torridge                            ;;Torridge                           ;64;31,3;32,7;750;351;399;2;1;11,7;515,6;585;457,9;4,7;;7,5
West Devon                          ;;West Devon                         ;53,7;26,2;27,5;582;276;306;;;10,8;466,1;568;382,8;8,1;;
;;;;;;;;;;;;;;;;;
Dorset                              ;;Dorset                             ;413,8;201,7;212,1;4623;2251;2372;11;6;11,2;429,3;511;361,2;3,5;3;4,1
Christchurch                        ;;Christchurch                       ;47,9;22,9;25;636;316;320;;;13,3;414,9;513,7;334,5;;;
East Dorset                         ;;East Dorset                        ;87,3;42;45,3;1008;490;518;1;;11,5;379,3;445,4;323,9;;;6,2
North Dorset                        ;;North Dorset                       ;69;34,5;34,5;631;321;310;1;;9,1;426,2;524,5;344,5;;;5,7
Purbeck                             ;;Purbeck                            ;45,2;22,2;23;457;233;224;2;2;10,1;435,5;528,5;352,3;;;7,5
West Dorset                         ;;West Dorset                        ;99,3;47,7;51,6;1206;565;641;1;1;12,1;425,4;500,3;368,7;3,6;;
Weymouth and Portland               ;;Weymouth and Portland              ;65,1;32,4;32,7;685;326;359;6;3;10,5;519,9;593,7;451,4;4,1;9;
;;;;;;;;;;;;;;;;;
Gloucestershire                     ;;Gloucestershire                    ;598,3;293,3;305;5470;2656;2814;19;10;9,1;484,1;583,6;401,2;3,3;2,8;3,9
Cheltenham                          ;;Cheltenham                         ;115,6;56,5;59,1;977;466;511;3;1;8,4;469,4;566;391,5;2,9;2,1;5,9
Cotswold                            ;;Cotswold                           ;83,2;40,2;43;800;382;418;2;;9,6;422,9;507;357,6;;;
Forest of Dean                      ;;Forest of Dean                     ;82,2;40,4;41,8;823;391;432;4;3;10;512,6;594,2;437,2;;5,1;6,2
Gloucester                          ;;Gloucester                         ;121,9;60,1;61,8;1003;536;467;5;2;8,2;556,7;727,6;416,9;3,4;2,8;3,7
Stroud                              ;;Stroud                             ;113,1;55,7;57,4;1075;485;590;2;2;9,5;466,7;534,9;406,2;4,2;;2,6
Tewkesbury                          ;;Tewkesbury                         ;82,3;40,3;41,9;792;396;396;3;2;9,6;488,3;591,6;403,5;5,4;3,3;
;;;;;;;;;;;;;;;;;
Somerset County                     ;;Somerset County                    ;531,6;259,3;272,2;5366;2519;2847;23;19;10,1;467;550,3;396,1;2,5;4;4
Mendip                              ;;Mendip                             ;109,4;53,4;56;1014;476;538;7;6;9,3;458,5;540,5;387,4;4,3;6;6
Sedgemoor                           ;;Sedgemoor                          ;114,9;56,2;58,7;1097;538;559;2;1;9,5;461,8;548,5;391,6;;;2,4
South Somerset                      ;;South Somerset                     ;162,1;79,6;82,5;1611;741;870;8;7;9,9;455,4;522;397,8;3,5;4,5;2,9
Taunton Deane                       ;;Taunton Deane                      ;110,6;53,6;57;1184;564;620;3;2;10,7;496,6;615,4;396,3;;2,3;4,8
West Somerset                       ;;West Somerset                      ;34,6;16,5;18,1;460;200;260;3;3;13,3;484,5;539,2;437,2;;9,8;
;;;;;;;;;;;;;;;;;
WALES                               ;;WALES                              ;3063,8;1504,5;1559,3;30426;14942;15484;140;97;9,9;562,8;673,3;471,6;4;3,9;4,1
;;;;;;;;;;;;;;;;;
Isle of Anglesey                    ;;Isle of Anglesey                   ;69,9;34,4;35,5;783;377;406;5;4;11,2;521,9;625,5;431,5;6;6,5;
Gwynedd                             ;;Gwynedd                            ;121,5;59,7;61,8;1173;593;580;6;4;9,7;485,1;615,8;378,9;4,7;4,5;2,3
Conwy                               ;;Conwy                              ;115,3;55,8;59,5;1475;689;786;7;5;12,8;542,9;645,2;456,2;3,4;5,9;3,4
Denbighshire                        ;;Denbighshire                       ;93,9;46,1;47,8;1072;510;562;3;2;11,4;571,5;642,6;514,4;4,8;2,7;4,8
Flintshire                          ;;Flintshire                         ;152,7;75,3;77,4;1339;672;667;5;5;8,8;528,8;620,2;453,7;5;2,9;4,7
Wrexham                             ;;Wrexham                            ;135,1;67,1;67,9;1247;605;642;8;4;9,2;559,9;652,5;480,8;7,1;4,6;7,4
Powys                               ;;Powys                              ;133,1;65,8;67,3;1426;718;708;3;3;10,7;488,6;579,6;413,1;3,3;2,4;2,5
Ceredigion                          ;;Ceredigion                         ;75,3;37,5;37,8;774;386;388;2;2;10,3;515,9;622;424;;;4,4
Pembrokeshire                       ;;Pembrokeshire                      ;122,6;60;62,7;1303;646;657;4;;10,6;522,6;616,5;447,1;4,6;3,1;3,8
Carmarthenshire                     ;;Carmarthenshire                    ;184;89,9;94,1;2052;992;1060;1;1;11,2;549,6;651,7;466;3,1;;4,5
Swansea                             ;;Swansea                            ;238,7;118;120,7;2414;1207;1207;13;8;10,1;586,6;717,3;480,6;2,9;4,8;4,4
Neath Port Talbot                   ;;Neath Port Talbot                  ;139,9;68,4;71,5;1601;793;808;6;5;11,4;647,1;781,7;539,5;4,9;3,8;5,9
Bridgend                            ;;Bridgend                           ;139,4;68,9;70,5;1450;687;763;8;4;10,4;631,8;723;549,3;6;4,6;
Vale of Glamorgan                   ;;Vale of Glamorgan                  ;126,7;61,7;64,9;1104;541;563;3;3;8,7;482,2;587,4;408,2;2,1;2,1;3,6
Cardiff                             ;;Cardiff                            ;345,4;169,9;175,6;2609;1285;1324;21;18;7,6;547,7;669,8;452,9;5,5;4,4;4,2
Rhondda? Cynon? Taff                ;;Rhondda? Cynon? Taff               ;234,4;114,6;119,8;2451;1209;1242;11;6;10,5;658,9;793,5;545,3;3,7;3,7;4,3
Merthyr Tydfil                      ;;Merthyr Tydfil                     ;58,9;28,8;30,1;588;293;295;4;3;10;633,3;776,1;509,4;4,2;5,2;
Caerphilly                          ;;Caerphilly                         ;178,8;87,6;91,1;1672;822;850;7;4;9,4;603,2;721,9;505,1;3,1;3,3;3,8
Blaenau Gwent                       ;;Blaenau Gwent                      ;69,8;34,3;35,5;791;392;399;7;4;11,3;704,7;833;591,7;;8,9;7,7
Torfaen                             ;;Torfaen                            ;91,2;44,4;46,8;913;455;458;7;6;10;574;708,7;459,1;;6,4;4,4
Monmouthshire                       ;;Monmouthshire                      ;91,5;45;46,5;880;436;444;4;2;9,6;484,5;578,1;407,8;;5,1;6,1
Newport                             ;;Newport                            ;145,8;71,4;74,4;1309;634;675;5;4;9;563,4;658,1;481,1;3,5;2,6;2,6
;;;;;;;;;;;;;;;;;
Outside England and Wales           ;;Outside England and Wales          ;;;;1079;650;429;28;14;;;;;;;
;;;;;;;;;;;;;;;;;
SCOTLAND;;SCOTLAND1                           ;5254,8;2548,2;2706,6;53661;25913;27748;238;159;10,2;640,9;765,8;539,9;3,7;4,1;3,8
Council areas;;Council areas;;;;;;;;;;;;;;;
Aberdeen City   ;;Aberdeen City                      ;220,4;109,3;111,2;1973;957;1016;8;5;9;618;739,3;511,4;3,1;3,1;4,5
Aberdeenshire  ;;Aberdeenshire                      ;247,6;122,9;124,7;2191;1074;1117;8;3;8,8;550,4;631,5;479,4;3,3;3;2,8
Angus  ;;Angus                              ;110,6;53,7;56,9;1222;571;651;6;3;11;579,8;656,8;515,6;7,3;5,2;5,2
Argyll & Bute  ;;Argyll & Bute                      ;89,6;44,6;45;1047;521;526;;;11,7;588;701,6;503,8;;;
Clackmannanshire;;Clackmannanshire                   ;50,8;24,9;25,9;477;238;239;1;;9,4;636;765;548,4;;;
Dumfries & Galloway  ;;Dumfries & Galloway                ;148,1;71,7;76,4;1707;800;907;3;2;11,5;569,3;649,5;503,3;6,2;2,1;3,6
Dundee City  ;;Dundee City                        ;145,6;69,5;76,1;1660;819;841;10;7;11,4;707;856;590,8;5,7;5,7;4,1
East Ayrshire  ;;East Ayrshire                      ;120,2;58,2;62;1319;634;685;7;5;11;675,6;793,8;580,8;3;5,1;5,2
East Dunbartonshire  ;;East Dunbartonshire                ;104,6;50,4;54,2;950;465;485;;;9,1;498,1;610,9;410,3;5,4;;
East Lothian  ;;East Lothian                       ;98,2;47,1;51;966;454;512;5;3;9,8;580,8;672,4;504,8;;4,4;3,7
East Renfrewshire  ;;East Renfrewshire                  ;89,9;43,1;46,8;825;379;446;1;;9,2;515,2;624,4;434;;;4,5
Edinburgh, City of;;Edinburgh City of                  ;495,4;239,7;255,6;4232;2013;2219;22;15;8,5;590,1;712,9;492,2;3,2;4;4,5
Eilean Siar ;;Eilean Siar                        ;26,1;12,8;13,3;365;169;196;3;3;14;701,2;807,6;633,3;;12,8;
Falkirk  ;;Falkirk                            ;154,4;74,9;79,5;1548;771;777;7;5;10;660,3;792,8;558,3;4,3;4;4,4
Fife  ;;Fife                               ;367,4;177,3;190;3759;1824;1935;16;12;10,2;610;744,2;508,5;4,3;3,7;7,7
Glasgow City;;Glasgow City                       ;598,8;290,6;308,3;6403;3201;3202;45;33;10,7;840,5;1080,6;661,7;4,6;5,9;3,3
Highland  ;;Highland                           ;222,4;109,1;113,2;2440;1197;1243;14;10;11;624,9;741,4;523,6;4,1;6;3,4
Inverclyde  ;;Inverclyde                         ;79,2;37,8;41,4;1013;488;525;1;;12,8;770,5;962,9;607;6,3;;
Midlothian  ;;Midlothian                         ;82,4;39,3;43;782;375;407;6;3;9,5;601,2;704,4;509,3;;6,1;3,8
Moray  ;;Moray                              ;87,3;43,8;43,5;983;482;501;2;2;11,3;628,1;738,5;525,7;3,2;;5,5
North Ayrshire  ;;North Ayrshire                     ;135,1;64,1;71;1535;756;779;12;7;11,4;676,9;839,9;550,4;4,1;8,3;3
North Lanarkshire  ;;North Lanarkshire                  ;326,7;157,3;169,4;3381;1606;1775;18;13;10,3;742,2;875,1;633,7;5,3;4,5;4,8
Orkney Islands  ;;Orkney Islands                     ;20,2;10;10,2;209;100;109;;;10,4;567,5;642;493,7;;;
Perth & Kinross  ;;Perth & Kinross                    ;149,5;73,5;76;1496;717;779;1;;10;513,7;606,4;438,5;2,7;;
Renfrewshire  ;;Renfrewshire                       ;170,7;81,8;88,8;1838;916;922;6;5;10,8;686,2;841,9;565,3;4;3,3;4,1
Scottish Borders  ;;Scottish Borders                   ;113,2;54,9;58,2;1234;574;660;3;1;10,9;567,5;640,4;499,2;4,3;2,7;2,6
Shetland Islands  ;;Shetland Islands                   ;22,5;11,4;11,1;231;103;128;;;10,3;625,4;665,2;563,7;;;
South Ayrshire  ;;South Ayrshire                     ;111,6;53,5;58;1412;655;757;8;3;12,7;621,6;712,5;551,1;;7,5;4
South Lanarkshire  ;;South Lanarkshire                  ;312,7;149,9;162,8;3214;1511;1703;12;11;10,3;651,6;767,1;559,8;0,9;3,4;0,9
Stirling  ;;Stirling                           ;90,8;43,3;47,4;782;350;432;2;;8,6;521,5;600,4;463,3;3,6;;3,7
West Dunbartonshire   ;;West Dunbartonshire                ;90,4;43;47,4;1043;526;517;5;4;11,5;762,3;996,6;585,9;2,9;4,7;
West Lothian  ;;West Lothian                       ;173;84,6;88,4;1424;667;757;6;4;8,2;649,7;718;590,8;;2,8;2,4
;;;;;;;;;;;;;;;;;
NORTHERN IRELANDP;;NORTHERN IRELAND1                   ;1806,9;888,5;918,3;14204;6918;7286;110;88;7,9;566,5;683;471,4;5,665502522;4,3;3,5
Local Government District;;Local Government District;;;;;;;;;;;;;;;
AntrimP;;Antrim                             ;54,5;27;27,4;369;192;177;3;3;6,8;566,7;685,3;459,3;5,263157895;3,9;
ArdsP;;Ards                               ;78,3;38,4;39,9;661;317;344;6;4;8,4;530,2;620,4;452;3,50877193;6,7;5,5
ArmaghP;;Armagh                             ;60,1;29,7;30,4;439;219;220;4;4;7,3;545,3;667,4;441,7;5,50660793;4,3;
BallymenaP;;Ballymena                          ;63,8;31,3;32,5;532;270;262;4;4;8,3;528,2;656,9;420,1;3,846153846;4,8;3,9
BallymoneyP;;Ballymoney                         ;30,8;15,3;15,5;230;134;96;3;3;7,5;555,2;766,9;386,2;;7,6;
BanbridgeP;;Banbridge                          ;48,4;24,2;24,3;327;168;159;5;5;6,8;506,1;624,8;412,2;5,354752343;7,4;
BelfastP;;Belfast                            ;267,6;128,6;139;2593;1204;1389;13;11;9,7;690;840,2;567,8;5,80075662;3,2;4,1
CarrickfergusP;;Carrickfergus                      ;40,1;19,4;20,6;357;177;180;2;2;8,9;607,7;775,7;481,9;;;
CastlereaghP;;Castlereagh                        ;67,3;32,4;34,9;637;302;335;4;3;9,5;536,8;668,6;440,9;3,529411765;4,9;3,6
ColeraineP;;Coleraine                          ;56,7;27,6;29,1;505;266;239;4;2;8,9;547,9;710,7;426,3;7,451564829;5,9;5,8
CookstownP;;Cookstown                          ;37,1;18,6;18,5;234;109;125;4;4;6,3;502,8;564,8;434,7;5,067567568;7,2;
CraigavonP;;Craigavon                          ;94,8;47;47,7;663;337;326;7;4;7;564,5;689;459,9;5,102040816;4,6;4,5
DerryP;;Derry                              ;109,9;53,8;56,1;744;366;378;5;3;6,8;619,3;737,5;531,4;6,402793946;2,8;4
DownP;;Down                               ;71,1;35,4;35,7;525;253;272;5;4;7,4;521,1;597,2;448,6;5,263157895;5,4;3
DungannonP;;Dungannon                          ;58,6;29,6;28,9;406;217;189;3;2;6,9;577,7;756,4;444,1;6,451612903;3,4;
FermanaghP;;Fermanagh                          ;63,3;32;31,4;481;225;256;6;4;7,6;517;588,7;444,2;4,400440044;7,2;5,8
LarneP;;Larne                              ;31,6;15,5;16,1;264;134;130;1;1;8,3;539,2;661,2;440,3;8,333333333;;
LimavadyP;;Limavady                           ;33,9;17;16,9;211;105;106;1;1;6,2;501,9;642,9;411,4;;;6,5
LisburnP;;Lisburn                            ;118,7;57,9;60,8;880;398;482;6;6;7,4;577,7;649,6;500,1;4,548038658;3,4;2,9
MagherafeltP;;Magherafelt                        ;45,1;22,9;22,3;298;150;148;1;;6,6;565,4;689,3;468,1;;;
MoyleP;;Moyle                              ;17;8,4;8,6;159;77;82;1;1;9,4;569,7;650,8;499,7;14,85148515;;
Newry and MourneP;;Newry and Mourne                   ;100,9;50,1;50,8;643;322;321;7;6;6,4;549,8;668,9;452,9;8,825151682;3,9;3,5
NewtownabbeyP;;Newtownabbey                       ;83,7;40,7;43,1;674;319;355;3;1;8;532,4;626,7;461,8;4,291845494;2,6;6,2
North DownP;;North Down                         ;80,2;39,1;41,1;770;345;425;4;3;9,6;521;624,1;450,5;5,268703899;4,1;3,4
OmaghP;;Omagh                              ;53,3;26,5;26,8;324;166;158;3;2;6,1;493,1;600,9;410,2;15,130674;4;4,3
StrabaneP;;Strabane                           ;40,2;20,1;20,1;278;146;132;5;5;6,9;557,1;665,2;471,2;;8,9;
